customer_text,amazon_reply,intent,label_notes
@119959 @115828 I preordered this game 14 months ago just to be sent it for the wrong console. FML... https://t.co/EMBHygMbOL,@520984 I'm sorry for the mix-up! Please contact us so we can look into this and review options: https://t.co/hApLpMlfHN ^WT,Product / Seller,
@AmazonHelp 2ème colis qui devait arriver aujourd'hui et ne le sera pas...C'est quoi votre engagement Prime déjà?,@242837 Que dit le suivi de votre colis s'il vous plaît ? ^MA,Other,
@115821 are y’all ever gonna transfer my $50 gc on an account you closed without telling me...? jw,"@315479 To confirm, has your account been closed or has it been locked pending account information verification? ^EZ",Account / Login,
@115821 dudes. You refunded me for the wrong item. I got my wine. Just not my #reesespeanutbuttercups the wine cost more! I only needed $4!,"@622478 We greatly appreciate your honesty! Please provide your info here: https://t.co/e1bGy9Xhvk, so we look into this for you. ^JN",Refund / Return,
@AmazonHelp Fuck u then why the hell u r having @AmazonHelp Twitter handle,@210361 Usually the products are delivered by the estimated delivery date. Could you let me know if we've missed it? ^AU,Other,
@AmazonHelp I had a scheduled furniture assembly yesterday which never happened. Upon calling the customer care they could not help much apart.,"@206017 Apologies for the delay, I'd like to look into this, kindly drop in your details here:https://t.co/beaaDm0muc and 1/2 ^EM",Technical Issue,
@115821 don’t tell me I got guaranteed delivery and then change the date the day I’m supposed to get everything 😤,@229000 I'm sorry to hear about this! Have you received an e-mail regarding any type of delay? ^VB,Other,
@AmazonHelp Amazon shipping.,@119036 Thanks for confirming with us! We'd like to look into this with you in more detail. Please reach out to us here: https://t.co/JzP7hlA23B so we can investigate! ^VB,Order Status,
@AmazonHelp just had chat with a representative and got assured delivery by 5 pm today. Lets see what happens....,@555171 Thanks. Do keep us posted. ^HK,Technical Issue,
@AmazonHelp My lights all appear here but my Dots do not. Should this be where I select them to add? https://t.co/L7OX9LKLlD,"@421770 Hello, Alanna! We want to help! Contact us here so we can get your Smart Home set up: https://t.co/hApLpMlfHN ^EA",Technical Issue,
@AmazonHelp It was a prime delivery option so should have had it Monday! Still says it’s out for delivery! You’ve also lost another parcel as well 👍🏼,"@623202 Give us a call, Chelsey, and we'll get this taken care of for you. Here's a link to help:  https://t.co/JzP7hlA23B ^EM",Delivery Issue,
@AmazonHelp A special amazon line will be contacting me after a 24 hour investigation.. 3 days ago,@230457 Have you checked your emails to see if there was an email update? I would recommend checking the spam folders as well as the inbox.^BZ,Customer Support / Escalation,
@115821 your cust.service just implied that my missing items are my fault for living somewhere unsafe. Poor people dont deserve to get mail?,"@396878 That's certainly not the experience we want for our customers. To escalate this, please fill out: https://t.co/YR1ZlJwzJJ ^BE",Product / Seller,
"@AmazonHelp Hablo para que me hagan los reembolsos, me llega el correo de que ya quedó y en unas horas diciéndome que no se pudo hacer efectivo pues necesitan más información, y se vuelve a repetir el ciclo.",@140383 Sentimos los inconvenientes con esta situación. ¿Podrías indicarnos si los productos son vendidos directamente por Amazon o si han sido vendidos por un vendedor externo?  ^PC,Other,
"@AmazonHelp haven't got the cashback for the 1st Recharge via Amazon pay, it's being 15 days now, the recharge was meant for @120602",@413738 Apologies for the delay. May I know if you've reported this to our support team? ^EM,Payment / Charges,
@AmazonHelp 毎週お世話になってます🙏🙏,@782199 これからもよろしくお願いいたします！！🙏🙏🙏✨✨,Other,
"@AmazonHelp No message, just a blank screen. Was working fine then just stopped. Is working on iPad just not tv",@737745 Have you checked for software/firmware updates? Other troubleshooting steps can be found here: https://t.co/FWB4Swd4IW ^AM,Technical Issue,
"Pre-orders are all well and good, @115830, but not when you immediately go out of stock of that item... and then won’t allow the order to be cancelled! https://t.co/lwpqSPVHGb","@788217 HI, I'm sorry to hear of this. Could you try another browser and let us know if you encounter the same issue? ^KI",Product / Seller,
@AmazonHelp Please find all details of order no. 405-3693108-4127531.,@706547 We'll not be able to check your information over Twitter. We'd like to know more about  this. Kindly share your details here: https://t.co/beaaDm0muc . Please don't provide your order details as we consider it to be personal info. Our page is visible to the public. ^GK,Order Status,
"@AmazonHelp The advisor said it was a duplicated order and they'd resolve it, but it's still showing ... https://t.co/ilOLeYn8J7","@182725 Thanks for the update. To confirm that this has been resolved, please contact us here: https://t.co/bDe2KyL3RU ^SE",Order Status,
@117086 EU TE VENEROOOOOO MEUS LIVROS JÁ CHEGARAM SCRR,"@130298 Oi verô, que felicidade! 😍 Quais livros você comprou? ^AZ",Other,
@115851 @115821 Amanda in your leadership team in your Oregon call center cost you a customer. Everything is canceled. Great Job Amazon!,"@147716 Eric, I'm sorry for the experience you've had and we want to help! Would you please give us the details of what happened? Also, please refrain from providing personal or account details. ^MW",Customer Support / Escalation,
"@116618 can you please let us buffer the video? I let the web page open for an hour, hoping the little HD icon would light up, in vain. I don't wanna watch content in 360p under the pretense that my internet connection is too slow for 1080p stream without buffer.","@720103 Thanks for reaching out. We're here to help! Have you tried the troubleshooting steps listed here: https://t.co/HePT2g8air 

-Susan T.",Technical Issue,
@117086 e @263285 faz um aplicativo fora da Playstore com suporte ao Android TV ou começa a vender o Firestick por aqui também.,"@508184 Ricardo, ainda não temos previsão mas suas sugestões nos ajudarão a melhorar nossa loja ^VL",Technical Issue,
"@AmazonHelp My mobile number listed is 9673101122, but u can reach me on 9818601122",@120032 Thanks for the heads-up! Did you happen to share your preference on the link provided earlier? (1/2),Other,
@115821 one question. If i buy Amazon Fire HD Tablet with Special Offers I can in the future pay 10 more GBP to remove ads? #Amazon #FireHD,@411802 You'll have the option to remove Special Offers for a 10GBP fee whenever you'd like! More info here: https://t.co/muPVkgX9JY ^WT,Other,
@AmazonHelp I guess you asking me wasn't to actually help me. Maybe it was just to make the appearance of helping me?,"@800073 Unfortunately we do not have access to your account or details via Twitter, but we'd still like to help! Please reach out to us here: https://t.co/JzP7hlA23B so we can look into this together.  -Shal C.",Technical Issue,
@AmazonHelp (ಠ_ಠ) Didnt realize your couriers needed reminders about basic fire safety.,@808782 Please contact us here via phone or chat so we can look into this with you: https://t.co/dNXwBZPiM6 ^GG,Delivery Issue,
"@115850 Need help, with the status on two refunds. Been a month already since I sent the shipment back. Thanks.","@495001 Did you happen to report this to our support team? If not, do report it here: https://t.co/vlvfJr4nN9 (2/2) ^GD",Refund / Return,
"@ AmazonFR paid for 22 quantities of VR Headset received confirmation, but only 1 delivered","@762842 Hello, sorry for that. Since we don't have access to your account from Twitter, please reach our CS in order to check that for you.
^ARC",Payment / Charges,
"@AmazonHelp Says looks like it's lost, check the the options below. But there aren't any!",@627582 Oh dear! We are here to help! What options do you see? ^AD,Other,
割と長い期間Amazonのプライム会員だけど、本の読み放題あるの今知った。,@671966 Amazonプライムをご利用いただき、ありがとうございます。様々な特典がございますので、ぜひご活用ください！ https://t.co/k5lbncHlKO EK,Other,
@AmazonHelp But can not understand the cause of delay,@393025 Kindly revert to the correspondence which you have received from us and we will assist you further. ^SM,Other,
When nothing you’ve ordered on #AmazonPrime in the past month has actually arrived in two-days. Am I seriously the only one? @115821 https://t.co/Jy0Bin02Cr,"@715852 This isn't what we like to hear! Just to confirm, are the orders missing the delivery dates provided: https://t.co/Y5jpI9gRhE?  ^EP",Order Status,
@AmazonHelp ordered a JBL CHARGE3 on Black Friday. Unplugged it the first time it does this help!  @164902 maybe you can help too?  I don’t want a return just a new cord. https://t.co/UbEAakQCcI,@547100 So sorry for the trouble! We're here to help! Have you had the chance to look into available options here: https://t.co/eVeMpO7mHH? ^VB,Refund / Return,
@AmazonHelp Dans ce cas annulez ma commande et remboursez moi,@753784 Vous avez la possibilité d'annuler une commande depuis votre compte via: https://t.co/9Bgwmkd3v3 ou en contactant notre SAV ^KE,Other,
"@AmazonHelp @115850 Can I know why the pickup is cancelled??
I am done with this bullshit despite you guys apologizing for yesterday's behavior.
Call me. https://t.co/l6JqgynyH0","@120780 As this is a social media platform, we can't view your order details. Please share your (1/2)^HR",Customer Support / Escalation,
@115821 I need help! I scanned a $50 gift card on my phone 11/23 and it’s not noted on my account. I noticed yesterday when I went to make a purchase. I sent emails and to no avail. Please help.,@801640 I'm sorry about the trouble with the Gift Card. We're happy to look into this. Please contact us by phone/chat for real-time help here: https://t.co/hApLpMlfHN ^LI,Account / Login,
"@115850 @AmazonHelp @115821 - Order# 408-3265294-3245900,I haven't recevied my product yet, nobody is giving the date ,i am a prime member",@207490 as we consider it to be personal info. Our Twitter page is public. (3/3) ^ST,Prime Membership,
@AmazonHelp I have shared the required details. Please resolve the issue ASAP,@533178 We have received your details. We'll work on it and get back to you with an update. ^SB,Other,
"@AmazonHelp Just spoke with your representative and found him 'rude' which is 'silly', and never expected this from the professionals like u @115850",@344471 The resolution we provide is the best possible solution. I'm afraid (1/2)^HR,Customer Support / Escalation,
"@AmazonHelp Hello Team, Return order request has not been done yet. Please help. Urgent..",@214881 Apologies for any trouble. Have you tried reporting this to our support team here: https://t.co/2t6DQoUmNZ ? ^AB,Refund / Return,
"So if you lost my #kindle how exactly was it returned @115821, Also why do you think my home is a business. Also, why did you say I was closed because today is a holiday? Do I owe myself holiday pay? #Curious https://t.co/ig2otyw5Lw",@680444 I'm sorry to see it was returned. We'd be happy to look into this with you here: https://t.co/EKXRLsnxJu ^AF,Refund / Return,
"@AmazonHelp Haven't received yet? I guess I have to cancel this order. I have to give to a friend who is leaving tomorrow morning. If its not delivered today, I would be forced to cancel this order.",@648464 I've checked and we haven't received your details yet to work on this. Please fill in your details in the link provided earlier and let us know. We'll check and reach out to you accordingly. ^VN,Delivery Issue,
@AmazonHelp It was amazon. AMZL US,@251434 We want to investigate this further with you. Please reach out to us using this secure link: https://t.co/Qzpl2PoJVc ^GR,Other,
If @115821 leaves another one of my packages outside unattended I’m going to stop ordering from them @AmazonHelp,"@518727 I understand your concern, Michael. Is there a specific carrier you're having issues with regarding delivery? ^SK",Delivery Issue,
"@AmazonHelp I will never advise any of my known people to buy a single thing from Amazon. Even it's offered for free. Really absurd, arrogant attitude.",@350255 placing an order. Request you to wait until the time frame mentioned for the order. (2/2) ^GK,Other,
"@AmazonHelp it was DPD I’ve had pantry boxes before always secure, I’ll need to reorder but I’m not paying delivery again",@691158 I can certainly understand that. Please reach out to us with the link provided  by ^NC  and we will do our best to help. ^CR,Order Status,
@AmazonHelp This came up so I emailed the email address on the website to send proof and that is what failed to send https://t.co/bWem9XFFQm,"@299829 Ahhh, I see. Definitely interesting! What happened when you clicked the ""Click here"" hyperlink? ^SA",Technical Issue,
@AmazonHelp Also promised a refund for missing order but no email confirmation yet,"@674517 I understand your concern. Could you tell us which website your order was placed on? (.com, .co.uk, .com.br, etc.) ^GM",Refund / Return,
Amazonプライムにも入会してしまったのでますます視聴がおっつかない,@760575 ご登録いただきありがとうございました(*'▽') EK,Other,
@AmazonHelp No. it just diappears.,"@293194 We don't have a notification for the shopping list. If you place an order with unavailable items, you'll receive an e-mail. ^AC",Technical Issue,
@AmazonHelp I appreciate your response. We posted the same on your page just to bring it in to your notice and swift action only as we are frustrated enough by the system,"@330936 We'd like to take closer look at this. Kindly fill in your details here: https://t.co/GIJyeYqKE0, and I'll look into it. ^NR",Technical Issue,
"@AmazonHelp thank u amazon not to deliver my product on time.
Again missed delivery date",@183935 That was definitely not intended and we apologize for the delay. Allow our support team to make things right for you. You can report this here: https://t.co/R3EfhzgU8B ^CB.,Product / Seller,
@AmazonHelp Vendido x Amazon EU,"@236022 Comprendo, Clemente. Para logar revisar lo que está sucediendo con la entrega de tu pedido, puedes contactar a nuestro departamento de Servicio al Cliente en el siguiente enlace: https://t.co/OjvUxwnzPe. ^AA",Other,
Thanks to @116935 for an easy-to-use and fast-connection iOS App! #BehindTheSmile,@142702 You're welcome! We love hearing your feedback. You made our day!!! 🎹🎶🎸 ^JN,Technical Issue,
"@117795 really don't like when your couriers lie about accessing my location that has no security gate.  My son has allergies, I order his food from you.  Now he has to wait bc your courier doesn't know how to Google map. Or call us if lost. Thx",@646513 I'm sorry you haven't received your order. We'd like to look into this with you. Please send more details here: https://t.co/CnmHsc1aqB ^CL,Delivery Issue,
@AmazonHelp @115850 trimmer and bedsheet means the same ! I can keep the bedsheet if it's a Diwali gift but send me the trimmer I had ordered ASAP. https://t.co/KbQKMv8sxX,"@192448 That's wishful thinking, isn't it? We'd want you to have your trimmer, hope you've requested a replacement for your order? ^JC",Order Status,
@AmazonHelp 人工知能と疑ってすみませんでした。丁寧なリプライ心に響きました。遅い時間までお疲れ様です。頑張ってください。,"@243946 とんでもないことです！いつもAmazonをご覧いただきありがとうございます🙇　サイバーマンデーをお楽しみにしていただき、うれしく思っております。ぜひご期待くださいませ😊
夜分にリプライを失礼いたしました。HM",Other,
@115850 Surprised that @118702 @122951 delivers every product in 620024 but you don't,"@313935 We certainly don't want to let down our customers, I'll ensure to pass your feedback internally ^SM (1/2)",Product / Seller,
@AmazonHelp Your product wich is in pic looks diffrent nd we receve is diffrent and also a color we cannt cancle this bcz i m live in dakor gujarat,@183175 Apologies for the inconvenience. Request you to get in touch with our support team here : https://t.co/TdDksLo6Mf.^SK,Product / Seller,
Way to go @115821 for just throwing my stuff in a box with no packing material and with everything out of the wrappers. #goodjob https://t.co/lVMo6vFahI,@797126 We're always looking for ways to improve! Packaging feedback can be submitted to our shipping team here: https://t.co/2AGESmC8t0 ^ML,Technical Issue,
@AmazonHelp Pl tell me delivery date,@185376 We've sent you a correspondence here: https://t.co/ubzNHWZvL2 Kindly check. ^SG,Order Status,
@AmazonHelp Una ayer y hoy mismo he puesto otra.,@210099 ¿Qué te informaron nuestros compañeros de Servicio al Cliente? ^HC,Other,
@AmazonHelp already been on the phone to customer support still fuming with you cancelling my prime membership disgusting behaviour,"@187547 Thanks for confirming. When you spoke to us, what options/information did we provide? ^BH",Prime Membership,
@AmazonHelp não,"@624553 Entendi. No caso, Rosa, ficamos no aguardo dos seus dados. ^LG",Other,
"@123813 existe mes de prueba? La competencia es pésima, pero dicen que ""más vale malo conocido...""","@452965 Hola Oscar. Inscribiéndote al período de prueba gratis de Amazon Prime, puedes disfrutar de Prime Video, pues este es un (1/2)",Other,
@115821 why is the Alexa app moving so slow today ?,@231857 Have you checked your connection and perhaps turned your device off and on again to see if that helps? ^BD,Technical Issue,
i'm crying my amazon package was supposed to arrive at 9 and it's def 9:20,@481768 I'm sorry for the wait! Will you tell us which carrier is shown for your order here: https://t.co/Y5jpI9gRhE? ^DW,Delivery Issue,
@AmazonHelp Like I mentioned in my first tweet I was assured and sent an email confirmation but still I keep receiving the product every 2 months. Not sure if its a bug in your systems that my order is not getting updated,"@199061 Sorry to hear that, please contact us by phone or chat once more here: https://t.co/hApLpM3Ejd to discuss this with an agent.^JJ",Product / Seller,
"@AmazonHelp My card was already charged, but the status says ""shipping soon"". I am concerned that if my order hasn't even been shipped, then how will it be delivered by the date Amazon sets? But I will wait until the 10th to see if my order gets home.","@558450 We aim to meet our delivery date. If you don't receive your package on estimated delivery date, please get back to us. ^LH",Payment / Charges,
"@115851 @AmazonHelp Why is @115850 promoting and selling spurious/counterfeit items? No answer to queries to them. Does Amazon encourage selling counterfeits? In India, this is illegal. https://t.co/9eXMnsrn99",@126724 received a below par product or doubt the genuineness we suggest you to fill details here:  https://t.co/GIJyeYqKE0. (2/2) ^GS,Product / Seller,
You pay for an Amazon Prime membership and this is where your packages are left whilst you’re at work 😤 #NotImpressed @115830 https://t.co/UEvbve6G0I,@455397 I'm sorry to see the way your package was delivered! Will you confirm the carrier listed here: https://t.co/aaDyEz1VgE ^HC,Prime Membership,
@115821 wanna tell me why the order I placed yesterday w/1-day shipping isn’t scheduled 2 arrive until Wed? GRANDDAUGHTER B-DAY &amp; u SUCK,@441383 I'm sorry for the wait. Some items aren't able to ship immediately. Was the date given on the confirmation e-mail missed? ^AN,Order Status,
"@115850 #AmazonNow has some rude representatives 😷
Pathetic! Send a substitute and later argue nonsense without  getting facts right!",@170989 That's quite a feedback. I shall forrward your feedback to the concerned team and get it reviewed. ^HR,Delivery Issue,
@AmazonHelp Again my another order with  Order ID: #405-0991980-9519516 cancelled without my concern why amazon provide offers during great indian sale?,"@354687 I understand your concern that your order is cancelled without your knowledge, I'd request you ^SM (1/2)",Order Status,
@AmazonHelp I'm trying to watch 12 Chairs on prime but the subtitles are about a minute off to the words. Is it an issue on my end or yours,"@327462 Hmmm, lets work together here to find out! Have you tried uninstalling the app and re-installing it? Let us know! ^SA",Digital Content,
What's the point of subscribing to @115830 Prime if it keeps failing to meet its one day delivery promise? Then being told to wait another few days for it to turn up. Rubbish.,@527527 I'm sorry for the delay. We want to make sure you receive your order by your new delivery date. Please keep us posted. ^RA,Other,
@AmazonHelp A just need acces to my account why are you lot making this so hard for me,"@228071 We aren't able to access your account via Twitter to see what the exact issue is, but normally you should be sent an e-mail requesting either payment or address verification. Have you received an e-mail like this, or was this mentioned when we spoke on the phone? ^LB",Account / Login,
"@AmazonHelp Num: CR0000301163
En transit
Livraison avant 20h","@247048 Si vous ne recevez pas votre colis d'ici 20 h, merci de le signaler à notre SAV afin d'y remédier je vous prie via le lien suivant: https://t.co/hgIrz98cdI ^BR",Other,
"@AmazonHelp @115830  Can you please quote the definition of ""Guaranteed delivery"" please?What's the point in prime if you fail to deliver?","@729287 I'm sorry to hear we've let you down, Hardeep! Does tracking show the parcel is out for delivery? Have we missed our mark? ^CS",Other,
@AmazonHelp Could I get a message please? I’ve got a complaint to make,@366643 Hi Ant. You can get in touch with us to lodge your complaint via this link: https://t.co/JzP7hlA23B ^DC,Other,
@AmazonHelp See line extra 3000 off on this mobile,@169186 and with time. Kindly refer the link: https://t.co/sfTQc3Ex7D for more information. (2/2) ^MO,Other,
"@115821 Today it was @81 , the gear I got yesterday was @115817",@289932 Have you had the time to reach out to each of the carriers and set preferences on your deliveries? ^MH,Other,
.@AmazonHelp Pre-ordered @123473 @466085 #Slobberkocker a month ago. Now I've been told it won't be dispatched until DECEMBER! Why?,"@466084 Sorry to hear this. Was a reason mentioned for the delay? Did you receive an email? Also, check your junk/spam folder. ^PK",Order Status,
"@AmazonHelp Ist aktiviert, funktioniert aber nicht. Heute wieder 2x😩  Kam bisher nur 1x an, bei einer Bestellung von Amazon USA. Geht auch anderen so. 🙁","@215529 Dann, wie vorgeschlagen, bitte im Kundenservice melden: https://t.co/cDHy5WiCek Liebe Grüße ^MF",Other,
@115850 @115850 I am expecting a quick response,@438881 Please use the following link to connect with our support team : https://t.co/vlvfJr4nN9 and we'll be glad to help. ^SK,Other,
"@115850 Return pick is not as per date schedule.
Unsatisfied with Amazon service.pin394601 __email__",@173981 I'm sorry for the hassle. Please reach out to us at: https://t.co/vlvfJr4nN9 we'll check it for you. (1/2)^AU,Refund / Return,
@AmazonHelp I don't think it's anything nefarious but I get constant order and shipping confirmations for things I didn't buy which is super annoying,@386770 Gotcha! Reach out to us again here: https://t.co/hApLpMlfHN and we can look into this further with you. ^TK,Order Status,
"Compras navideñas, listas ✔
Gracias @116875 !!","@734369 Hola, Viridiana. ¡Estamos felices de saber que has comprado tus regalos en Amazon México, muchas gracias por tu confianza! ^CB",Other,
@AmazonHelp I've ordered through Amazon.. The product was received by the courier.. But they've said that they can't deliver to my home..,@___Ananth___ That's uncertain! Please report this to our support team here: https://t.co/vlvfJr4nN9 &amp; we'll help you. ^BS,Product / Seller,
Clients @115821 attention à l'arnaque qui tourne par mail !!! https://t.co/UgGWLuJjw1,"@699738 Bonsoir, veuillez faire suivre le message à l’adresse suivante __email__ je vous prie. ^BR",Other,
"@AmazonHelp My recent orders aren't displaying in My Account, can you help?","@665332 Sorry to hear that, please contact us here: https://t.co/Q7Ftz6nj80 so an agent can look into this for you. ^JJ",Account / Login,
@AmazonHelp @115850 so any update,@343355 &amp; reply so that we can provide you an update. 2/2^EM,Other,
@AmazonHelp i think amazon have just took a random £1 off me? I have no idea why,"@165090 We're here to help! In most cases, a smaller amount, such as €1, is an authorization. Have you recently ordered an item? ^AL",Other,
朝いきなりAmazon有料サイトてきたあ(＞＜)こわっいぃぃぃ https://t.co/EtCZ6oi0fU,@320165 失礼します。こちらは当サイトからお送りしたものではございません。AmazonからSMSで未納料金などといったメールは送信いたしません。 ヘルプページでも注意喚起を行っておりますので、ご参照ください。https://t.co/k4jy2iTq1Y RI,Other,
Hello @115821 where the heck is the cat tree I ordered for my cat’s birthday. It was supposed to be here yesterday,@255380 Sorry to hear it has not arrived Jenna. Does the tracking give any info on when we expect it to be delivered? You can check tracking by clicking the link: https://t.co/Y5jpI9gRhE.^BZ,Order Status,
@115830 really annoying Mr at this stage can't get a single issue resolved. Can I please have a contact number for customer service in Ireland,@262359 We definitely don't want to disappoint you. You can contact us via phone by using this link: https://t.co/JzP7hlA23B ^KB,Customer Support / Escalation,
How’s my Thursday going? Well my amazon account got hacked and was charged $900... &amp; I’m honestly impressed bc I didn’t know I had $900,@425297 I'm sorry to hear about the unexpected charge! Please call us to ensure this is reported: https://t.co/jzvkhdlrK5 ^LR,Account / Login,
@AmazonHelp very funny..I have already contacted ur team two times but they are helpless..your delivery process sucks..order#216240052017,@308429 I'm sorry about the situation. Kindly share your details here: https://t.co/GIJyeYqKE0 and I'll look into this. ^SG(1/2),Order Status,
@AmazonHelp I have shared the details .please have a look.,@344227 Thanks for letting us know that you've shared your details. Please allow us some time and we'll reach out to you. ^KA,Other,
@115850 till now i have no confirmation about order even though guaranteed delivery !!,@191577 Apologies for the trouble. Please drop your details here: https://t.co/0tMJUecoz6 we'll connect with you on this. ^RB,Order Status,
"@AmazonHelp Amazon logestic team has arrived my house and talking roude,  that he has delivered to neibour itseems, and we don't no anyone there and","@218249 That's unexpected, I'm sorry. Please respond to the email you received from the social media team, we'll look into this. ^JC",Other,
@115850 i place 2 Order # 406-0047227-2461909 &amp; 406-9046171-0664359. I select wrong delivery address by mistake. Plz update my address,@199158 Our support team would be happy to help you with that. You may connect with them here: here: https://t.co/vlvfJr4nN9 ^HT,Order Status,
@115821 you need better customer service reps.,"@223983 Please be sure to leave feedback in the survey at the bottom of the e-mail sent after speaking with us. Once completed, these are sent to management for review to help with coaching opportunities. ^EP",Customer Support / Escalation,
"これ今日2通目やねんけど
Amazonちゃうよな？
装ってるやつやんな。 https://t.co/oABRpkqJ5c","@333861 当サイトからそのようなＥメールをお送りすることはございませんので、記載されているURLはクリックなさらないようお気を付けください🙏
Eメールの見分け方については、こちらをご参照ください。https://t.co/r6R7EU9RIb YM",Other,
@AmazonHelp Una reclamación por vuestra parte.,"@210099 Entiendo. @210100, ¿podrían ayudarnos con esta entrega? Indícanos si no recibes respuesta, Brian. ^LG",Other,
"@115830 Yes, and surprisingly enough they don’t say ‘inside my bin’","@383588 When you have a moment, please phone us here: https://t.co/JzP7hlA23B to report this delivery. ^LB",Other,
@AmazonHelp Nope. They cancelled the one that was supposed to arrive 10/7. And will try to get the next subscription order out.,@317905 I hope it arrives OK next time. ^KM,Order Status,
@AmazonHelp It is getting increasingly annoying to figure out when a Prime item will be delivered.,@690878 Sorry to hear Ilya. What delivery date were you provided? What does the latest tracking advise? ^TP,Product / Seller,
@AmazonHelp こういう事に備えて無駄に箱が大きいと思っています。商品の箱には破損もなく、動作も問題ないようです。お気遣い有り難うございました。,@787501 商品が無事だったとの事で、安心いたしました。ご不明な点がありましたら、ご遠慮なくお問い合わせください。よろしくお願いいたします。 EK,Other,
@115850 @AmazonHelp I had ordered OnePlus5 on 28th June ‘17. I still haven’t receivedcashback of Rs. 1500 (SBI card offer). Please help!!! https://t.co/227y7N6DdC,@293719 I'm sorry for the delay. Please report this to our support team here: https://t.co/2t6DQoUmNZ for further assistance. ^RW,Payment / Charges,
@AmazonHelp Easy set up and the ability to send messages/make phone calls with voice recognition 👍🏻 thanks @115821,"@688597 Top feedback Michael, Have a great day! ^BD",Customer Support / Escalation,
"@AmazonHelp Nope. Just takes me to sign in page. I just won't buy anything but books/dvds anymore. They're cheap. If I can't return,no big loss.","@306845 Once you sign in using the link sent by JO, you will see the option to select the issue and how you want to contact us. ^DD",Refund / Return,
"@AmazonHelp Gestionado por Amazon.
Vendido por: Amazon EU S.a.r.L.",@174523 Entra en contacto con Soporte al Cliente para reportar lo que indicas de tu pedido: https://t.co/OjvUxwnzPe. ^DA,Other,
アマゾンで注文してた零さんのウィッグが届いていないのに配達完了になっているw零さんどこいったんですかww,@403927 ご心配をおかけしております。配達完了でも商品未着の場合、下記ヘルプの内容をご確認ください。https://t.co/aABELyb8qu  解決しない場合は以下より当サイトへお問合せください。https://t.co/J6YEizo6qC  　SM,Other,
@AmazonHelp Reverted but failed. Share correct email id,@215662 Please revert to the email you've received from us and we'll be able to check it. Are you getting any error? ^HN,Other,
@AmazonHelp 406-6963082-7457947 order number ! I am a prime customer and this service is really a joke,@450944 Please don’t provide your details as we consider them to be personal information. Our Twitter page is visible to public. ^YP,Order Status,
"@AmazonHelp Hi. Sorry late getting back, I had an email on 22/07/17 stating that auto renew was turned off and no further payments would be taken.",@314332 We'd like to take a closer look at the charges and your available options. Please contact us here: https://t.co/JzP7hlA23B ^RA,Payment / Charges,
@115830 I've just received an email from you saying I need click on a link to get a credit voucher. Is this spam? I can dm a copy.,@192721 Doesn't sound like us Tamara - pls use this link for more info : https://t.co/0SSkUeJucf  ^TD,Payment / Charges,
@AmazonHelp pls pls pls tell me you'll have music unlimited BF deals for EXISTING customers (uk),@152464 Best to keep an eye on the website for the latest deals! ^MI,Other,
@AmazonHelp Can you not advise anything here?,@158365 Please contact our customer service by phone or chat here: https://t.co/hgIrz98cdI so we can look into this further with you. ^SA,Other,
@120533 vous allez sortir la fire HD 10 en France ? Une date ?,"@527155 Bonjour, je suis désolée, mais nous n'avons pas l'information, veuillez vérifier sur le site ultérieurement.",Other,
"@AmazonHelp What exactly do you want me to do? That just takes me to your ""questions?"" Page… 
I don't have a question. It is a reoccurring complaint. https://t.co/Hrg68liFcR","@816241 The link provided to you by ^WT, gives you the option to contact us by phone, so we can look into this with you in real time. This gives us the opportunity to review all available options regarding your deliveries.  ^AC",Other,
"@116928 Buenas tardes! Tengo un producto defectuoso y no puedo contactar con el vendedor. 
Número del pedido:
 171-7713708-0461967
¿Cómo he de proceder para su reembolso o sustitución? Gracias","@792979 ¡Hola, EltSaC! Lamento los inconvenientes. Por motivos de seguridad, te recomiendo eliminar este tuit, pues contiene información de tu cuenta. ¿Seguiste las instrucciones indicadas en este enlace?: https://t.co/jFNuJZ8sjt ^CR",Product / Seller,
"@AmazonHelp Order is ""dispatching soon"" but it's arriving today, and it's 4pm already? Need this item for work. https://t.co/sjlHw5kAsy","@438447 Hey! We'd love to help! Can you tell us which site you used when placing your order? i.e.,.com,.in,.co.uk? Let us know.^SK",Product / Seller,
@AmazonHelp Ah dommage je n'achèterais pas alors. Vous ne savez pas si vous en aurez à nouveau en stock ? (vu que ce sont les nouveaux ipad pro).,@150780 Nous n'avons malheureusement pas de visibilité dessus pour l'instant. Restez connectée :) ce sera mis à jour dès qu'il y a du nouveau.,Product / Seller,
"@116313 →Kindle版も絶賛おススメ！
見開きページのビジュアルが見事です。
紙媒体だとページのあいだ、いわゆるノド？にあたるところで画像がどうしてもすこし難ありのなりますが、2ページ見開き掲載スタイルにすると画面いっぱいにー
つよぽんのーごろさんのーしんごのー
素晴らしい｡ﾟ(ﾟ´Д｀ﾟ)ﾟ｡","@143572 Kindle版でお読みいただきありがとうございます！
ぜひいつでも、何度でもお楽しみください👏😍　MH",Digital Content,
Um grande elogio p/ @117086 q vendeu a coleção d teatro completa do Shakespeare c/ o menor preço da interwebs e entregou em menos d 2d ❤️ https://t.co/vs0UqFqOSr,"@200427 Olá Lee, saber que você teve uma boa experiencia nós deixa emocionados. ❤ O que você esta achando da coleção? ^DA https://t.co/NCL5k4qplg",Other,
@115850 I have purchased a Motorola pulse escape for rupees 1990 and paid the amount by Visacard by online portal. But somehow first time the transection has been failed but money has been deducted and therefore I have paid second time for the product. I want my money back.,@767791 I'm sorry to hear about your payment. Please report this to our support team here: https://t.co/vlvfJr4nN9 so that we can assist you better. ^HS,Refund / Return,
Hey @115821 remind me why I'm paying for 2day shipping when twice this week my packages have been late and another package last month was also late.,@231823 So sorry to hear about the issues! Are the orders arriving later than the dates provided in your order confirmation e-mails? ^GS,Delivery Issue,
"@AmazonHelp You see, it's not just the thrill and the throttle for me. It's the storytelling and the cliffhangers that make it, it. And not sure what the form was about, but filled it nevertheless... https://t.co/Hyexcr1JPZ",@132975 I feel yahh!! The wait still continues!! Thank you keeping us posted. ^BV,Other,
"@115850 order id-402-4902132-3775509  how this paymnt can be done when no delivery boy came to my add.
Allahabad delvry system is poor. https://t.co/jGqMCKUqen",@193234 Sorry for the hassle. Please report this to our support team here: https://t.co/vlvfJr4nN9 and we'll check this. 1/2^HN,Order Status,
@AmazonHelp It says out for delivery,@318610 Since it is on the truck for delivery it will be delivered today by 8pm. Keep us updated on its arrival! ^ZW,Order Status,
@AmazonHelp I've gotten it and it works now so thank you,@478934 No problem Jack. ^KM,Other,
"@AmazonHelp I have placed 3 orders none of them have delivered yet. I had to cancel it after waiting for a months
See Order#__credit_card__",@441304 Sorry to know about this. Please reach us from here: https://t.co/rS49hgaADF we'll assist you. (1/2) ^SV,Order Status,
"@118919 can you provide an assistance regarding a product i ordered because i received an email to review on the product when in fact it has not been delivered to me. The expected date of delivery mentioned was 28Nov, no attempts for delivery whatsoever",@133292 Apologies for the delay. Have you reported this to our support team here: https://t.co/vlvfJr4nN9? We'd like to check this for you. ^RB,Product / Seller,
@AmazonHelp @115851 the status still says on the way - This is laughable !! https://t.co/3nBMazoDUE,@208321 We've sent a correspondence to your registered email address. Please check and revert. ^SQ,Order Status,
@AmazonHelp It’s with https://t.co/qgEGP0rVqi. I have been charged $10.99 for a U.S subscription for amazon prime and I don’t have prime.,@271115 Please contact us directly so we can look into this with you: https://t.co/hApLpMlfHN ^SB,Payment / Charges,
"@AmazonHelp #facepalm cookies and cache do not create issues like that, those look like placeholder tokens that were not replaced when the page was rendered. I'd suggest you have your developers look into this, I am fairly sure they will find references to the tokens in the source code.","@804864 Are you able to see if the A-Z claim was submitted before you received the error message? If not, you can contact us here and we'll be glad to assist: https://t.co/hApLpMlfHN ^FJ",Technical Issue,
@AmazonHelp A claim and escalated. Then the same bs email about how more info is needed and the seller hasn’t received the item. Horrible customer serv.,@129194 I'm sorry for the A-to-z issues. I'd like our team to look into this. Please send us order info here: https://t.co/Z3sF5pyYG5 ^BE,Product / Seller,
"@115821 @119356 @AmazonHelp @115851 @209576 Is there anyone who is really concerned abt their customers?  Desperately looking for positive solution. I m not getting any Email response too. Extremely disappointing. Instead of postmorteming the issue, give me the replacement of goods..🙏🙏",@209575 Request you to revert to our email correspondence that you have received on your registered email ID here: https://t.co/NTkrxpsbHJ with further query on this and we'll be happy to take it over from there. (2/2)^SF,Refund / Return,
"@115850 my package is to be delivered today. Have a flight in evening, and I am here at location only for the next two hours. Please help!","@491794 I understand the importance of the order. However, we deliver orders till 8 PM if the product is (1/2) ^GK",Delivery Issue,
@115850  https://t.co/JaLEb3OG0B,@384979 We cross-checked and the app seems to be running fine. Try back in sometime and keep us posted. ^CB,Other,
@AmazonHelp Had email with £40 off a Kindle. Website won't allow the code says it's expired.,@691785 Sorry to hear about the issue you're having. Is there info in the email about the date that the offer is available until? There may be Terms &amp; Conditions in the email to advise this. ^ES,Digital Content,
@115850 Stop posting shit. You sold be a defective product and doesn't give a damn about  issue. #biycottAmazon #fakeamazon #disappointing services,@626603 here: https://t.co/GIJyeYqKE0 and I'll reach out to you. 2/2 ^MM,Technical Issue,
"@AmazonHelp Yea, same day delivery didn’t get delivered TWICE. After leaving delivery instructions, even though even when I haven’t I usually get a phone call. Also my previous package with 2 day delivery was a day late. What’s the point in being a prime member?","@799756 Thank you for that information! To better assist you, could you please let us know from which of our marketplaces were these orders placed? https://t.co/nUUp5MLhYl, https://t.co/ykTUEmdsQA, etc. ^RB",Prime Membership,
@AmazonHelp No updates since that Saturday message about access. Got other mail and different Amazon package on Saturday.,"@476653 Typically, late deliveries arrive the next business day from when the delivery was marked as attempted. Keep us updated! ^AB",Delivery Issue,
@AmazonHelp #First lost my order# then you place replacement order # 2 days delivery for normal purchase &amp; 5 days for replacement # what a disgusting service,"@576412 Sorry about your recent experience, Sameer. I've noted your comments and have forwarded your feedback internally. Please be assured that necessary steps will be taken to resolve this issue. ^SY",Refund / Return,
Mala experiencia con @116928. Van 2 pedidos no entregados y ha pasado casi 1 mes de la fecha de entrega. Pongo reclamación y ni contestan,"@324798 Hola Ro, lamentamos el inconveniente. ¿Has contactado con el transportista o con nosotros directamente ?^MB",Other,
@115850 kindly refund my money  order #404-9907668-2959526,"@306778 Please don't provide your order details,we consider it to be personal information.Our page is visible to the public.2/2 ^SC",Refund / Return,
How do I contact @115830 and why is it so dificoult?,@705217 Hello! You can get in touch with us here: https://t.co/JzP7hlA23B. ^CN,Customer Support / Escalation,
"Really wanting to be an @115821 fan, but when all three of my devices are broken after having them for 3 months it's hard...","@206738 Oh no! Sorry to hear that, Jon. Will you tell us more about what's going on? Please don't share personal account info! ^AB",Technical Issue,
@AmazonHelp How long it will take can you please deliver it now.,@216204 Now might not be probable. We'll be reverting shortly with further updates. Kindly wait until we reach out. Thanks! ^AB,Other,
@AmazonHelp Livraison reportée au 2 novembre.. Heureusement que j'en avais besoin avant et que j'ai pris celui là pour le fait qu'il arrivait avant ! ;),@460284 La solution adaptée vous sera proposée d'ici là. Je vous remercie pour votre patience et compréhension. ^MH,Other,
@AmazonHelp yes i dropped all the details. it has been more than a week.,@159037 Kindly check it from the link shared here: https://t.co/NTkrxpsbHJ (2/2)^HR,Other,
"@115821 amazone did fraud with me.. i buy a product prepaid and amazone didn't give me the product or  refund 
Order #
403-4256956-6053949","@479219 Please don't provide your order details, we consider it to be personal information. Our page is visible to the public. ^KA",Refund / Return,
Just called @115830 . They said account is on hold. Couldn’t tell me why and that someone would call me in 24hours. Utter rubbish. Your customer service continues to dumbfound me.,"@739004 I know how frustrating this is. An account specialist is the best one to get this resolved for you. Keep an eye on your e-mail and be sure to check your spam/junk as well, the e-mails can be routed there sometimes. ^AL",Account / Login,
"@115821 So, now explaining it for a fifth time to get another agent. Who still doesn’t get it.",@122721 We'd like to have a member of our team look in to this! Leave your info here: https://t.co/gZv6vU0Qyy Keep us posted! ^KN,Customer Support / Escalation,
@AmazonHelp You did it again. Received wrong product today sixth time..  #nowords @AmazonHelp,@467065 I'm sorry you've received a wrong product. Could you confirm if you've shared the details through the link provided earlier? ^AP,Product / Seller,
@AmazonHelp @115821 @AmazonHelp @115850 what good is amazon prime for me then? when it doesn't even work.,@549803 I'll be sure to pass your comments as feedback to our concerned team for review. ^GS,Other,
@116875 hola me pueden ayudar a hacer una corrección en una factura de un producto que ya recibí?,"@172353 Hola Mario, para esta gestión debes contactar a nuestro Servicio al Cliente con este enlace: https://t.co/beR78zMMYB . ^MB",Product / Seller,
@115850 How come the prce of Sandisk microsd crd wth adaptor priced in ur 'Lightning Deal' as 649 bcomes 739 at chkout wth normal delivery,@174216 That's strange. Please reach out to us at: https://t.co/vlvfJr4nN9 we'll check it for you. ^AU,Payment / Charges,
@115850 Trying to reach amazon customer care since last two weeks regarding order 408-3616751-7832318. Tried through email and call but no response. Tried in app help but no relevant option. I pm my number to you to call me regarding the issue.,"@140392 Please don't provide your order details, we consider it personal information. Our Twitter page is visible to public. (2/2) ^SV",Technical Issue,
@AmazonHelp Can you please tell me why same product is tagged with 3 different prices at 3 different times..,"@165812 Also, different sellers do provide the same item at different prices. 2/2 ^EM",Payment / Charges,
アマゾンさん違う商品送ってきたよ～😭,@821969 ご迷惑をお掛けし申し訳ございません。お届けした商品に問題があった場合、Amazonが発送する商品は返品・交換（可能な商品のみ）にて対応させていただいております。お手数ですが、リンクをご参照の上お手続きください。https://t.co/TYbxdUDknb TN,Other,
"@115850 Whats the point giving code which never works and give error ""This property is not participating in the offer"" -Lucky Winner of Amazon Great Indian Festival 2017",@635873 We would like to understand the issue in a better way. Kindly elaborate on the concern for us. ^CB,Technical Issue,
@AmazonHelp @137599 my copy of destiny 2 was cancelled because we used the same card to pay on each account and every person I’ve talked to in CS has told me to just buy it again at more than double the price it was when I purchased it,@223706 I'm sorry to hear about this! Was there a quantity limit for the item while it was on sale? ^JS,Account / Login,
Okay but... I'm officially a victim of misleading photos on Amazon. @115821 https://t.co/hl2Z2nJQJm,@188696 I'm sorry your order didn't arrive as you expected. Let's explore your return options here: https://t.co/Hzomb3EI6X ^GG,Other,
"Hi.
https://t.co/GzF9Py9bXZ","@782772 Hello, how may I help you? ^AH",Other,
For god sake @115821!! Second time in 6 weeks your delivery guy breaks my mailbox door! Like that box was ever going to fit!! .de order https://t.co/N6GqYoVsDo,"@124654 Please get in touch with us, the Amazon.de Social Media Team: https://t.co/cUDnC8mjd7 We would like to check this. ^SI",Order Status,
Half of the country who ordered Echo after October 5 has received their unit. But @115850 guys in Hyderabad are yet to deliver my unit.,@182861 I understand you'd like the Echo to be delivered soon. Could please let us know if we've missed (1/2) ^GS,Technical Issue,
Just pulled another #Amazon delivery out of the bushes since the #amzl people can’t walk the extra 2 ft to my door. So tired of this.,@115853 I'm sorry we let you down! We'd like to make sure this is addressed. Please provide some details here: https://t.co/z6evtFsZI5 ^BN,Other,
"@118919 Madharchod amajon wale randi ke aaulad madharcho mera paisa fasaya helpline numbe bhi nhi lag rha 
Bhut jaldi honewala hai patan india se",@215940 link here: https://t.co/TxK11znixD and we will assist you further. (2/2)^HR,Customer Support / Escalation,
"@AmazonHelp  agents say, we will refund you in 5 days! it's been 13 days. still waiting for @71902 @133462 is growing better. https://t.co/nNwMDB50eP",@307766 we consider them as personal information. Our Twitter page is visible to public. (2/2)^VM,Refund / Return,
"@AmazonHelp Have done that. But what’s the point, have raised it before but no one does anything???",@232601 Kindly share your details via the above link. We'll check this for you. ^SG,Other,
"@AmazonHelp @115851 very shameful activity by amazon, instead of taking action on complaint you people give make responsibility on consumer. 1/2",@182670 reply to the email you've received from our team and we'll get back to you. 2/2 ^KA,Other,
@115830 Can you confirm that order 206-8195514-7057146 is still being delivered today please,"@389482 Thanks for reaching out to us today, Niall!  We're unable to access your account but we'd love to help! Could you tell us the latest tracking update for this delivery: https://t.co/aaDyEz1VgE ^ML",Order Status,
@AmazonHelp Here it is. I know they are working hard and a hurry but it’d be nice if packages were not thrown @ front door https://t.co/MQQLDAceIW,"@456914 We'd like to escalate this for you. As detailed as possible, please provide your info for us here: https://t.co/024E3pVOXE ^BV",Delivery Issue,
@AmazonHelp Danke,@193849 Gerne 😊,Other,
@AmazonHelp You're missing the point I paid for next day delivery and here we are 2 days later and I still haven't got it,@150360 We can't see accounts w/ Twitter so please reach out to us so we can look into options for the order: https://t.co/JzP7hlA23B ^DD,Payment / Charges,
"@AmazonHelp Milford, US (Massachusetts) station is unable to deliver *any* package to my address on time, if ever—I suspect they're intentionally ""losing"" (destroying) my packages, #AmazonLogistics leadership team is unable to provide satisfaction #CloseTheStation #TerminateStationManagers",@425206 Is there a parcel that is in transit just now that you are currently having problems with? ^KI,Delivery Issue,
@AmazonHelp Providing my details 9th time. Let's see what you gonna do this time,@329177 Thanks a lot for the cooperation.  We'll reach out to you at the earliest to make things right. ^CB,Other,
@AmazonHelp Dji phantom drones weren't available on amazonin. Are they available now since you showed one in the video lol,@211501 You might want to check these out: https://t.co/LreYA638RU. ^SQ,Product / Seller,
@AmazonHelp @115851  sorry to bother you but Amazon did mentally harass with me specially for this product.Pls do the needful. Pls escalate till high,@301084 I'm sorry for the stretch. Our team is currently working on your issue. We'll get back to you at the earliest. We've (1/2)^AU,Product / Seller,
Amazon drivers need to fix up - how are you gunna pull up outside my house and still deliver my parcel to the wrong address 😐,"@325160 Oh no! I'm so sorry, Sim! Please phone us here: https://t.co/JzP7hlA23B to report this. Were you able to retrieve your parcel? ^LB",Delivery Issue,
@AmazonHelp Still confused. Item I purchased is marked as Prime and in stock. Therefore should be despatched tomorrow latest surely? So I should have it Thursday? https://t.co/SaqeLWGZzK,"@804152 Some items do take longer to process! We don't have access to orders via social media, if you'd like us to look into this order, please reach out to us here:https://t.co/JzP7hlA23B ^AH",Product / Seller,
Kitten TV on @116439 🐱🐱🐱 https://t.co/tmvlpcnbJ1,@808529 That's a purrfect shot! ^LS,Other,
@AmazonHelp ordered a phone case and paid £6 for next day deliver yesterday to be told it would be delivered today but never turned up 🤷🏻‍♀️,@302334 I'm sorry your case didn't arrive! Were you given an updated delivery date or notice of delay? ^ZW,Payment / Charges,
"@AmazonHelp Non, comment faire et pourquoi?","@509971 N'ayant pas accès à votre compte via Twitter, notre SAV est disponible pour vous aider via ce lien: https://t.co/qzuu0dgDXz ^ASZ",Other,
"@AmazonHelp Gonna have to return another thing now, 3rd thing in the last 2 months","@669710 This certainly isn't what we like to here! Without giving any personal information, will you tell us more about the items you've been receiving? Are you noticing a trend? ^HC",Refund / Return,
"Just received my copy of #AnOrdinaryLife , thanks @115821 for Super fast delivery and really can't wait to start reading it @77379 https://t.co/cYFCPRFJEI",@414839 We knew you would be eager to get your hands on it. Seems like an interesting read. Dig in!! ^AB,Other,
@AmazonHelp Hable con atención al cliente y puse día reclamaciones,"@318697 Lamentamos lo sucedido, Laura. ¿El pedido es gestionado por Amazon o por un vendedor externo? ^AV",Other,
@AmazonHelp Where is the applications library??,"@757888 Let's see what we can do to get you there! Just to confirm, which Amazon Fire tablet do you have? ^HC",Technical Issue,
"@AmazonHelp Bonjour, possible d'avoir des nouvelles d'un colis qui n'arrive pas en point relais colis ?","@219318 Bonjour, que dit le suivi de ce dernier ?^AR",Other,
@AmazonHelp Customer care helpless. No answers except prod cut will be delivered,"@319704 I'm sorry for the ordeal you've had to go through. I'd like to assist you with this, kindly drop in your details 1/3 ^EM",Customer Support / Escalation,
@115821 customer service is trash I was told 3 different things each time I called Then they hung up when I asked to speak with a supervisor,"@533755 We'd like a chance to help! Without giving account information, can you tell us more about the concerns you were calling about? ^KJ",Customer Support / Escalation,
"tried ordering Wide Sargasso Sea off @115821 because i need it for college and my shipping address clearly has Fredericksburg, VA in it and they sent it to Troy, AL 😤😤 @AmazonHelp https://t.co/FAvVqC0fdq","@379637 Oh no! Mary, we would love to look into this with you in real time. Please contact us here:  https://t.co/hApLpMlfHN ^LM",Order Status,
@AmazonHelp Realmente eso es lo más importante y no la pérdida de mi pedido? Podéis pedirme por privado el número de seguimiento y así poder ayudarme creo.....,"@266929 No lo es, Laura. Nuestra intención no es molestarte, pero desde este departamento no tenemos acceso a tu cuenta, por lo que necesitamos algunos datos para poder ayudarte. 
^ES",Other,
@AmazonHelp Amazonにこんなシステムがあったなんて……！,@507517 突然リプして申し訳ございません (;´▽｀A`` 中の人がたまたまツイートを拝見したので、ついリプしてしまいました。＊カリカリ梅に釣られたのは内緒です　今後もAmazonをどうぞよろしくお願いいたします～♪ ヽ(*^^*)ノ TN,Other,
