customer_text,amazon_reply,intent,predicted_intent
@119959 @115828 I preordered this game 14 months ago just to be sent it for the wrong console. FML... https://t.co/EMBHygMbOL,@520984 I'm sorry for the mix-up! Please contact us so we can look into this and review options: https://t.co/hApLpMlfHN ^WT,Product / Seller,Other
@AmazonHelp Amazon shipping.,@119036 Thanks for confirming with us! We'd like to look into this with you in more detail. Please reach out to us here: https://t.co/JzP7hlA23B so we can investigate! ^VB,Order Status,Other
@AmazonHelp A special amazon line will be contacting me after a 24 hour investigation.. 3 days ago,@230457 Have you checked your emails to see if there was an email update? I would recommend checking the spam folders as well as the inbox.^BZ,Customer Support / Escalation,Other
@115821 your cust.service just implied that my missing items are my fault for living somewhere unsafe. Poor people dont deserve to get mail?,"@396878 That's certainly not the experience we want for our customers. To escalate this, please fill out: https://t.co/YR1ZlJwzJJ ^BE",Product / Seller,Other
"Pre-orders are all well and good, @115830, but not when you immediately go out of stock of that item... and then won’t allow the order to be cancelled! https://t.co/lwpqSPVHGb","@788217 HI, I'm sorry to hear of this. Could you try another browser and let us know if you encounter the same issue? ^KI",Product / Seller,Other
@AmazonHelp Please find all details of order no. 405-3693108-4127531.,@706547 We'll not be able to check your information over Twitter. We'd like to know more about  this. Kindly share your details here: https://t.co/beaaDm0muc . Please don't provide your order details as we consider it to be personal info. Our page is visible to the public. ^GK,Order Status,Other
"@AmazonHelp The advisor said it was a duplicated order and they'd resolve it, but it's still showing ... https://t.co/ilOLeYn8J7","@182725 Thanks for the update. To confirm that this has been resolved, please contact us here: https://t.co/bDe2KyL3RU ^SE",Order Status,Other
@115851 @115821 Amanda in your leadership team in your Oregon call center cost you a customer. Everything is canceled. Great Job Amazon!,"@147716 Eric, I'm sorry for the experience you've had and we want to help! Would you please give us the details of what happened? Also, please refrain from providing personal or account details. ^MW",Customer Support / Escalation,Payment / Charges
@117086 e @263285 faz um aplicativo fora da Playstore com suporte ao Android TV ou começa a vender o Firestick por aqui também.,"@508184 Ricardo, ainda não temos previsão mas suas sugestões nos ajudarão a melhorar nossa loja ^VL",Technical Issue,Other
"@AmazonHelp My mobile number listed is 9673101122, but u can reach me on 9818601122",@120032 Thanks for the heads-up! Did you happen to share your preference on the link provided earlier? (1/2),Account / Login,Other
@115821 one question. If i buy Amazon Fire HD Tablet with Special Offers I can in the future pay 10 more GBP to remove ads? #Amazon #FireHD,@411802 You'll have the option to remove Special Offers for a 10GBP fee whenever you'd like! More info here: https://t.co/muPVkgX9JY ^WT,Product / Seller,Other
"@ AmazonFR paid for 22 quantities of VR Headset received confirmation, but only 1 delivered","@762842 Hello, sorry for that. Since we don't have access to your account from Twitter, please reach our CS in order to check that for you.
^ARC",Delivery Issue,Other
When nothing you’ve ordered on #AmazonPrime in the past month has actually arrived in two-days. Am I seriously the only one? @115821 https://t.co/Jy0Bin02Cr,"@715852 This isn't what we like to hear! Just to confirm, are the orders missing the delivery dates provided: https://t.co/Y5jpI9gRhE?  ^EP",Order Status,Other
"@AmazonHelp @115850 Can I know why the pickup is cancelled??
I am done with this bullshit despite you guys apologizing for yesterday's behavior.
Call me. https://t.co/l6JqgynyH0","@120780 As this is a social media platform, we can't view your order details. Please share your (1/2)^HR",Customer Support / Escalation,Other
"@AmazonHelp it was DPD I’ve had pantry boxes before always secure, I’ll need to reorder but I’m not paying delivery again",@691158 I can certainly understand that. Please reach out to us with the link provided  by ^NC  and we will do our best to help. ^CR,Order Status,Other
@AmazonHelp No. it just diappears.,"@293194 We don't have a notification for the shopping list. If you place an order with unavailable items, you'll receive an e-mail. ^AC",Technical Issue,Other
@AmazonHelp @115850 trimmer and bedsheet means the same ! I can keep the bedsheet if it's a Diwali gift but send me the trimmer I had ordered ASAP. https://t.co/KbQKMv8sxX,"@192448 That's wishful thinking, isn't it? We'd want you to have your trimmer, hope you've requested a replacement for your order? ^JC",Order Status,Other
Way to go @115821 for just throwing my stuff in a box with no packing material and with everything out of the wrappers. #goodjob https://t.co/lVMo6vFahI,@797126 We're always looking for ways to improve! Packaging feedback can be submitted to our shipping team here: https://t.co/2AGESmC8t0 ^ML,Delivery Issue,Technical Issue
@AmazonHelp Pl tell me delivery date,@185376 We've sent you a correspondence here: https://t.co/ubzNHWZvL2 Kindly check. ^SG,Order Status,Delivery Issue
@AmazonHelp Like I mentioned in my first tweet I was assured and sent an email confirmation but still I keep receiving the product every 2 months. Not sure if its a bug in your systems that my order is not getting updated,"@199061 Sorry to hear that, please contact us by phone or chat once more here: https://t.co/hApLpM3Ejd to discuss this with an agent.^JJ",Technical Issue,Product / Seller
You pay for an Amazon Prime membership and this is where your packages are left whilst you’re at work 😤 #NotImpressed @115830 https://t.co/UEvbve6G0I,@455397 I'm sorry to see the way your package was delivered! Will you confirm the carrier listed here: https://t.co/aaDyEz1VgE ^HC,Delivery Issue,Prime Membership
@115821 wanna tell me why the order I placed yesterday w/1-day shipping isn’t scheduled 2 arrive until Wed? GRANDDAUGHTER B-DAY &amp; u SUCK,@441383 I'm sorry for the wait. Some items aren't able to ship immediately. Was the date given on the confirmation e-mail missed? ^AN,Order Status,Other
@AmazonHelp Again my another order with  Order ID: #405-0991980-9519516 cancelled without my concern why amazon provide offers during great indian sale?,"@354687 I understand your concern that your order is cancelled without your knowledge, I'd request you ^SM (1/2)",Order Status,Other
What's the point of subscribing to @115830 Prime if it keeps failing to meet its one day delivery promise? Then being told to wait another few days for it to turn up. Rubbish.,@527527 I'm sorry for the delay. We want to make sure you receive your order by your new delivery date. Please keep us posted. ^RA,Delivery Issue,Other
"@AmazonHelp @115830  Can you please quote the definition of ""Guaranteed delivery"" please?What's the point in prime if you fail to deliver?","@729287 I'm sorry to hear we've let you down, Hardeep! Does tracking show the parcel is out for delivery? Have we missed our mark? ^CS",Delivery Issue,Other
@AmazonHelp I don't think it's anything nefarious but I get constant order and shipping confirmations for things I didn't buy which is super annoying,@386770 Gotcha! Reach out to us again here: https://t.co/hApLpMlfHN and we can look into this further with you. ^TK,Order Status,Other
Hello @115821 where the heck is the cat tree I ordered for my cat’s birthday. It was supposed to be here yesterday,@255380 Sorry to hear it has not arrived Jenna. Does the tracking give any info on when we expect it to be delivered? You can check tracking by clicking the link: https://t.co/Y5jpI9gRhE.^BZ,Order Status,Other
How’s my Thursday going? Well my amazon account got hacked and was charged $900... &amp; I’m honestly impressed bc I didn’t know I had $900,@425297 I'm sorry to hear about the unexpected charge! Please call us to ensure this is reported: https://t.co/jzvkhdlrK5 ^LR,Account / Login,Payment / Charges
@AmazonHelp very funny..I have already contacted ur team two times but they are helpless..your delivery process sucks..order#216240052017,@308429 I'm sorry about the situation. Kindly share your details here: https://t.co/GIJyeYqKE0 and I'll look into this. ^SG(1/2),Delivery Issue,Other
@115850 till now i have no confirmation about order even though guaranteed delivery !!,@191577 Apologies for the trouble. Please drop your details here: https://t.co/0tMJUecoz6 we'll connect with you on this. ^RB,Delivery Issue,Other
@115850 i place 2 Order # 406-0047227-2461909 &amp; 406-9046171-0664359. I select wrong delivery address by mistake. Plz update my address,@199158 Our support team would be happy to help you with that. You may connect with them here: here: https://t.co/vlvfJr4nN9 ^HT,Order Status,Delivery Issue
@AmazonHelp Nope. They cancelled the one that was supposed to arrive 10/7. And will try to get the next subscription order out.,@317905 I hope it arrives OK next time. ^KM,Order Status,Other
@AmazonHelp It is getting increasingly annoying to figure out when a Prime item will be delivered.,@690878 Sorry to hear Ilya. What delivery date were you provided? What does the latest tracking advise? ^TP,Product / Seller,Other
@AmazonHelp Easy set up and the ability to send messages/make phone calls with voice recognition 👍🏻 thanks @115821,"@688597 Top feedback Michael, Have a great day! ^BD",Customer Support / Escalation,Other
@AmazonHelp 406-6963082-7457947 order number ! I am a prime customer and this service is really a joke,@450944 Please don’t provide your details as we consider them to be personal information. Our Twitter page is visible to public. ^YP,Order Status,Other
@115830 I've just received an email from you saying I need click on a link to get a credit voucher. Is this spam? I can dm a copy.,@192721 Doesn't sound like us Tamara - pls use this link for more info : https://t.co/0SSkUeJucf  ^TD,Payment / Charges,Other
@AmazonHelp pls pls pls tell me you'll have music unlimited BF deals for EXISTING customers (uk),@152464 Best to keep an eye on the website for the latest deals! ^MI,Other,Digital Content
"@AmazonHelp Order is ""dispatching soon"" but it's arriving today, and it's 4pm already? Need this item for work. https://t.co/sjlHw5kAsy","@438447 Hey! We'd love to help! Can you tell us which site you used when placing your order? i.e.,.com,.in,.co.uk? Let us know.^SK",Product / Seller,Order Status
@AmazonHelp Ah dommage je n'achèterais pas alors. Vous ne savez pas si vous en aurez à nouveau en stock ? (vu que ce sont les nouveaux ipad pro).,@150780 Nous n'avons malheureusement pas de visibilité dessus pour l'instant. Restez connectée :) ce sera mis à jour dès qu'il y a du nouveau.,Product / Seller,Other
"@116313 →Kindle版も絶賛おススメ！
見開きページのビジュアルが見事です。
紙媒体だとページのあいだ、いわゆるノド？にあたるところで画像がどうしてもすこし難ありのなりますが、2ページ見開き掲載スタイルにすると画面いっぱいにー
つよぽんのーごろさんのーしんごのー
素晴らしい｡ﾟ(ﾟ´Д｀ﾟ)ﾟ｡","@143572 Kindle版でお読みいただきありがとうございます！
ぜひいつでも、何度でもお楽しみください👏😍　MH",Digital Content,Other
"@AmazonHelp You see, it's not just the thrill and the throttle for me. It's the storytelling and the cliffhangers that make it, it. And not sure what the form was about, but filled it nevertheless... https://t.co/Hyexcr1JPZ",@132975 I feel yahh!! The wait still continues!! Thank you keeping us posted. ^BV,Other,Technical Issue
"@115850 order id-402-4902132-3775509  how this paymnt can be done when no delivery boy came to my add.
Allahabad delvry system is poor. https://t.co/jGqMCKUqen",@193234 Sorry for the hassle. Please report this to our support team here: https://t.co/vlvfJr4nN9 and we'll check this. 1/2^HN,Technical Issue,Other
"@AmazonHelp I have placed 3 orders none of them have delivered yet. I had to cancel it after waiting for a months
See Order#__credit_card__",@441304 Sorry to know about this. Please reach us from here: https://t.co/rS49hgaADF we'll assist you. (1/2) ^SV,Order Status,Other
"@AmazonHelp #facepalm cookies and cache do not create issues like that, those look like placeholder tokens that were not replaced when the page was rendered. I'd suggest you have your developers look into this, I am fairly sure they will find references to the tokens in the source code.","@804864 Are you able to see if the A-Z claim was submitted before you received the error message? If not, you can contact us here and we'll be glad to assist: https://t.co/hApLpMlfHN ^FJ",Technical Issue,Other
@AmazonHelp A claim and escalated. Then the same bs email about how more info is needed and the seller hasn’t received the item. Horrible customer serv.,@129194 I'm sorry for the A-to-z issues. I'd like our team to look into this. Please send us order info here: https://t.co/Z3sF5pyYG5 ^BE,Delivery Issue,Product / Seller
@115850 Stop posting shit. You sold be a defective product and doesn't give a damn about  issue. #biycottAmazon #fakeamazon #disappointing services,@626603 here: https://t.co/GIJyeYqKE0 and I'll reach out to you. 2/2 ^MM,Technical Issue,Product / Seller
How do I contact @115830 and why is it so dificoult?,@705217 Hello! You can get in touch with us here: https://t.co/JzP7hlA23B. ^CN,Customer Support / Escalation,Other
"Really wanting to be an @115821 fan, but when all three of my devices are broken after having them for 3 months it's hard...","@206738 Oh no! Sorry to hear that, Jon. Will you tell us more about what's going on? Please don't share personal account info! ^AB",Technical Issue,Other
@AmazonHelp @115821 @AmazonHelp @115850 what good is amazon prime for me then? when it doesn't even work.,@549803 I'll be sure to pass your comments as feedback to our concerned team for review. ^GS,Other,Prime Membership
@AmazonHelp @137599 my copy of destiny 2 was cancelled because we used the same card to pay on each account and every person I’ve talked to in CS has told me to just buy it again at more than double the price it was when I purchased it,@223706 I'm sorry to hear about this! Was there a quantity limit for the item while it was on sale? ^JS,Account / Login,Payment / Charges
For god sake @115821!! Second time in 6 weeks your delivery guy breaks my mailbox door! Like that box was ever going to fit!! .de order https://t.co/N6GqYoVsDo,"@124654 Please get in touch with us, the Amazon.de Social Media Team: https://t.co/cUDnC8mjd7 We would like to check this. ^SI",Delivery Issue,Other
Half of the country who ordered Echo after October 5 has received their unit. But @115850 guys in Hyderabad are yet to deliver my unit.,@182861 I understand you'd like the Echo to be delivered soon. Could please let us know if we've missed (1/2) ^GS,Technical Issue,Other
Just pulled another #Amazon delivery out of the bushes since the #amzl people can’t walk the extra 2 ft to my door. So tired of this.,@115853 I'm sorry we let you down! We'd like to make sure this is addressed. Please provide some details here: https://t.co/z6evtFsZI5 ^BN,Other,Delivery Issue
"@118919 Madharchod amajon wale randi ke aaulad madharcho mera paisa fasaya helpline numbe bhi nhi lag rha 
Bhut jaldi honewala hai patan india se",@215940 link here: https://t.co/TxK11znixD and we will assist you further. (2/2)^HR,Customer Support / Escalation,Other
@115830 Can you confirm that order 206-8195514-7057146 is still being delivered today please,"@389482 Thanks for reaching out to us today, Niall!  We're unable to access your account but we'd love to help! Could you tell us the latest tracking update for this delivery: https://t.co/aaDyEz1VgE ^ML",Order Status,Other
@AmazonHelp @115851  sorry to bother you but Amazon did mentally harass with me specially for this product.Pls do the needful. Pls escalate till high,@301084 I'm sorry for the stretch. Our team is currently working on your issue. We'll get back to you at the earliest. We've (1/2)^AU,Delivery Issue,Product / Seller
Kitten TV on @116439 🐱🐱🐱 https://t.co/tmvlpcnbJ1,@808529 That's a purrfect shot! ^LS,Other,Digital Content
@AmazonHelp ordered a phone case and paid £6 for next day deliver yesterday to be told it would be delivered today but never turned up 🤷🏻‍♀️,@302334 I'm sorry your case didn't arrive! Were you given an updated delivery date or notice of delay? ^ZW,Payment / Charges,Other
"tried ordering Wide Sargasso Sea off @115821 because i need it for college and my shipping address clearly has Fredericksburg, VA in it and they sent it to Troy, AL 😤😤 @AmazonHelp https://t.co/FAvVqC0fdq","@379637 Oh no! Mary, we would love to look into this with you in real time. Please contact us here:  https://t.co/hApLpMlfHN ^LM",Delivery Issue,Other
